{"optimized_weights": [2.4438633926751354, 2.471594753689264, 2.479875183913984, 2.0059549730698154, 4.028453629684992], "best_score": 20783.2}
{"optimized_weights": [2.4775182226016303, 2.5584702097222745, 2.8394651445697687, 1.9644909279591525, 3.9579681222925527], "best_score": 22098.133333333335}
{"optimized_weights": [2.418238705519155, 2.4241981174071974, 2.77445817800893, 1.9899245280745383, 4.135291167459407], "best_score": 20782.533333333333}
{"optimized_weights": [2.417058001419947, 2.5166361285464824, 2.806767489040889, 1.9748199903493768, 3.956394349495863], "best_score": 20747.28}
{"optimized_weights": [6.226451613800638, 3.7328975401272255, 3.9499062708948642, 2.3864974450482634, 1.4422339807248714], "best_score": 21010.133333333335}
{"optimized_weights": [6.416473515102024, 3.0854501225507858, 3.716706248156772, 2.72394479230781, 0.0], "best_score": 22164.8}
{"optimized_weights": [6.428808747231033, 3.2418593243967413, 3.6345974902751617, 2.7577052938874442, 0.053823770888380265], "best_score": 21277.6}
